<?xml version="1.0" encoding="UTF-8"?>

<!--
  Do not edit directly
  Generated on Tue, 21 Jan 2020 13:59:08 GMT
-->
<resources>
  <integer name="time_transition_short">200</integer>
  <integer name="time_transition_base">400</integer>
  <integer name="time_transition_long">600</integer>
  <integer name="time_transition_xl">1000</integer>
  <integer name="time_delay_short">50</integer>
  <integer name="time_delay_base">100</integer>
  <integer name="time_delay_long">200</integer>
  <integer name="time_duration_short">2000</integer>
  <integer name="time_duration_base">4000</integer>
  <integer name="time_duration_long">6000</integer>
  
</resources>
