<?xml version="1.0" encoding="UTF-8"?>

<!--
  Do not edit directly
  Generated on Tue, 21 Jan 2020 13:59:08 GMT
-->
<resources>
  <string name="content_icon_3_d_rotation">3d_rotation</string>
  <string name="content_icon_airline_seat_individual_suite">airline_seat_individual_suite</string>
  <string name="content_icon_airline_seat_legroom_reduced">airline_seat_legroom_reduced</string>
  <string name="content_icon_airline_seat_legroom_normal">airline_seat_legroom_normal</string>
  <string name="content_icon_airline_seat_recline_normal">airline_seat_recline_normal</string>
  <string name="content_icon_airline_seat_legroom_extra">airline_seat_legroom_extra</string>
  <string name="content_icon_airline_seat_recline_extra">airline_seat_recline_extra</string>
  <string name="content_icon_airline_seat_flat_angled">airline_seat_flat_angled</string>
  <string name="content_icon_arrow_drop_down_circle">arrow_drop_down_circle</string>
  <string name="content_icon_account_balance_wallet">account_balance_wallet</string>
  <string name="content_icon_airplanemode_inactive">airplanemode_inactive</string>
  <string name="content_icon_assignment_turned_in">assignment_turned_in</string>
  <string name="content_icon_assignment_returned">assignment_returned</string>
  <string name="content_icon_airplanemode_active">airplanemode_active</string>
  <string name="content_icon_add_circle_outline">add_circle_outline</string>
  <string name="content_icon_add_shopping_cart">add_shopping_cart</string>
  <string name="content_icon_assignment_return">assignment_return</string>
  <string name="content_icon_airline_seat_flat">airline_seat_flat</string>
  <string name="content_icon_airplanemode_off">airplanemode_off</string>
  <string name="content_icon_assignment_late">assignment_late</string>
  <string name="content_icon_assistant_photo">assistant_photo</string>
  <string name="content_icon_arrow_drop_down">arrow_drop_down</string>
  <string name="content_icon_airplanemode_on">airplanemode_on</string>
  <string name="content_icon_airport_shuttle">airport_shuttle</string>
  <string name="content_icon_account_balance">account_balance</string>
  <string name="content_icon_account_circle">account_circle</string>
  <string name="content_icon_arrow_downward">arrow_downward</string>
  <string name="content_icon_assignment_ind">assignment_ind</string>
  <string name="content_icon_all_inclusive">all_inclusive</string>
  <string name="content_icon_arrow_drop_up">arrow_drop_up</string>
  <string name="content_icon_add_to_photos">add_to_photos</string>
  <string name="content_icon_arrow_forward">arrow_forward</string>
  <string name="content_icon_accessibility">accessibility</string>
  <string name="content_icon_access_alarms">access_alarms</string>
  <string name="content_icon_arrow_upward">arrow_upward</string>
  <string name="content_icon_attach_money">attach_money</string>
  <string name="content_icon_add_to_queue">add_to_queue</string>
  <string name="content_icon_aspect_ratio">aspect_ratio</string>
  <string name="content_icon_announcement">announcement</string>
  <string name="content_icon_add_location">add_location</string>
  <string name="content_icon_access_alarm">access_alarm</string>
  <string name="content_icon_account_box">account_box</string>
  <string name="content_icon_access_time">access_time</string>
  <string name="content_icon_add_a_photo">add_a_photo</string>
  <string name="content_icon_attach_file">attach_file</string>
  <string name="content_icon_assignment">assignment</string>
  <string name="content_icon_arrow_back">arrow_back</string>
  <string name="content_icon_accessible">accessible</string>
  <string name="content_icon_add_circle">add_circle</string>
  <string name="content_icon_assessment">assessment</string>
  <string name="content_icon_audiotrack">audiotrack</string>
  <string name="content_icon_attachment">attachment</string>
  <string name="content_icon_art_track">art_track</string>
  <string name="content_icon_alarm_off">alarm_off</string>
  <string name="content_icon_add_alert">add_alert</string>
  <string name="content_icon_add_alarm">add_alarm</string>
  <string name="content_icon_alarm_add">alarm_add</string>
  <string name="content_icon_autorenew">autorenew</string>
  <string name="content_icon_assistant">assistant</string>
  <string name="content_icon_alarm_on">alarm_on</string>
  <string name="content_icon_av_timer">av_timer</string>
  <string name="content_icon_all_out">all_out</string>
  <string name="content_icon_archive">archive</string>
  <string name="content_icon_add_box">add_box</string>
  <string name="content_icon_android">android</string>
  <string name="content_icon_airplay">airplay</string>
  <string name="content_icon_ac_unit">ac_unit</string>
  <string name="content_icon_adjust">adjust</string>
  <string name="content_icon_alarm">alarm</string>
  <string name="content_icon_album">album</string>
  <string name="content_icon_apps">apps</string>
  <string name="content_icon_add">add</string>
  <string name="content_icon_adb">adb</string>
  <string name="content_icon_battery_charging_full">battery_charging_full</string>
  <string name="content_icon_bluetooth_connected">bluetooth_connected</string>
  <string name="content_icon_bluetooth_searching">bluetooth_searching</string>
  <string name="content_icon_branding_watermark">branding_watermark</string>
  <string name="content_icon_bluetooth_disabled">bluetooth_disabled</string>
  <string name="content_icon_brightness_medium">brightness_medium</string>
  <string name="content_icon_border_horizontal">border_horizontal</string>
  <string name="content_icon_bookmark_outline">bookmark_outline</string>
  <string name="content_icon_brightness_auto">brightness_auto</string>
  <string name="content_icon_business_center">business_center</string>
  <string name="content_icon_border_vertical">border_vertical</string>
  <string name="content_icon_brightness_high">brightness_high</string>
  <string name="content_icon_bluetooth_audio">bluetooth_audio</string>
  <string name="content_icon_battery_unknown">battery_unknown</string>
  <string name="content_icon_bookmark_border">bookmark_border</string>
  <string name="content_icon_brightness_low">brightness_low</string>
  <string name="content_icon_border_bottom">border_bottom</string>
  <string name="content_icon_blur_circular">blur_circular</string>
  <string name="content_icon_battery_alert">battery_alert</string>
  <string name="content_icon_border_inner">border_inner</string>
  <string name="content_icon_brightness_seven">brightness_7</string>
  <string name="content_icon_border_color">border_color</string>
  <string name="content_icon_border_clear">border_clear</string>
  <string name="content_icon_brightness_six">brightness_6</string>
  <string name="content_icon_brightness_five">brightness_5</string>
  <string name="content_icon_brightness_four">brightness_4</string>
  <string name="content_icon_brightness_three">brightness_3</string>
  <string name="content_icon_brightness_two">brightness_2</string>
  <string name="content_icon_brightness_one">brightness_1</string>
  <string name="content_icon_bubble_chart">bubble_chart</string>
  <string name="content_icon_broken_image">broken_image</string>
  <string name="content_icon_beach_access">beach_access</string>
  <string name="content_icon_border_style">border_style</string>
  <string name="content_icon_battery_full">battery_full</string>
  <string name="content_icon_border_right">border_right</string>
  <string name="content_icon_border_outer">border_outer</string>
  <string name="content_icon_blur_linear">blur_linear</string>
  <string name="content_icon_border_left">border_left</string>
  <string name="content_icon_battery_std">battery_std</string>
  <string name="content_icon_border_top">border_top</string>
  <string name="content_icon_border_all">border_all</string>
  <string name="content_icon_bug_report">bug_report</string>
  <string name="content_icon_burst_mode">burst_mode</string>
  <string name="content_icon_bluetooth">bluetooth</string>
  <string name="content_icon_backspace">backspace</string>
  <string name="content_icon_beenhere">beenhere</string>
  <string name="content_icon_bookmark">bookmark</string>
  <string name="content_icon_blur_off">blur_off</string>
  <string name="content_icon_business">business</string>
  <string name="content_icon_blur_on">blur_on</string>
  <string name="content_icon_backup">backup</string>
  <string name="content_icon_brush">brush</string>
  <string name="content_icon_build">build</string>
  <string name="content_icon_block">block</string>
  <string name="content_icon_book">book</string>
  <string name="content_icon_control_point_duplicate">control_point_duplicate</string>
  <string name="content_icon_check_box_outline_blank">check_box_outline_blank</string>
  <string name="content_icon_collections_bookmark">collections_bookmark</string>
  <string name="content_icon_call_missed_outgoing">call_missed_outgoing</string>
  <string name="content_icon_chat_bubble_outline">chat_bubble_outline</string>
  <string name="content_icon_center_focus_strong">center_focus_strong</string>
  <string name="content_icon_confirmation_number">confirmation_number</string>
  <string name="content_icon_chrome_reader_mode">chrome_reader_mode</string>
  <string name="content_icon_create_new_folder">create_new_folder</string>
  <string name="content_icon_center_focus_weak">center_focus_weak</string>
  <string name="content_icon_confirmation_num">confirmation_num</string>
  <string name="content_icon_card_membership">card_membership</string>
  <string name="content_icon_cloud_download">cloud_download</string>
  <string name="content_icon_change_history">change_history</string>
  <string name="content_icon_closed_caption">closed_caption</string>
  <string name="content_icon_compare_arrows">compare_arrows</string>
  <string name="content_icon_cast_connected">cast_connected</string>
  <string name="content_icon_child_friendly">child_friendly</string>
  <string name="content_icon_camera_enhance">camera_enhance</string>
  <string name="content_icon_call_to_action">call_to_action</string>
  <string name="content_icon_crop_landscape">crop_landscape</string>
  <string name="content_icon_control_point">control_point</string>
  <string name="content_icon_content_paste">content_paste</string>
  <string name="content_icon_card_giftcard">card_giftcard</string>
  <string name="content_icon_contact_phone">contact_phone</string>
  <string name="content_icon_crop_original">crop_original</string>
  <string name="content_icon_call_received">call_received</string>
  <string name="content_icon_crop_portrait">crop_portrait</string>
  <string name="content_icon_contact_mail">contact_mail</string>
  <string name="content_icon_cloud_upload">cloud_upload</string>
  <string name="content_icon_camera_front">camera_front</string>
  <string name="content_icon_content_copy">content_copy</string>
  <string name="content_icon_cloud_circle">cloud_circle</string>
  <string name="content_icon_check_circle">check_circle</string>
  <string name="content_icon_card_travel">card_travel</string>
  <string name="content_icon_crop_rotate">crop_rotate</string>
  <string name="content_icon_collections">collections</string>
  <string name="content_icon_camera_roll">camera_roll</string>
  <string name="content_icon_camera_rear">camera_rear</string>
  <string name="content_icon_chat_bubble">chat_bubble</string>
  <string name="content_icon_content_cut">content_cut</string>
  <string name="content_icon_cloud_queue">cloud_queue</string>
  <string name="content_icon_crop_square">crop_square</string>
  <string name="content_icon_credit_card">credit_card</string>
  <string name="content_icon_call_missed">call_missed</string>
  <string name="content_icon_child_care">child_care</string>
  <string name="content_icon_call_split">call_split</string>
  <string name="content_icon_color_lens">color_lens</string>
  <string name="content_icon_cloud_done">cloud_done</string>
  <string name="content_icon_camera_alt">camera_alt</string>
  <string name="content_icon_call_merge">call_merge</string>
  <string name="content_icon_clear_all">clear_all</string>
  <string name="content_icon_crop_free">crop_free</string>
  <string name="content_icon_crop_onesix_nine">crop_onesix_nine</string>
  <string name="content_icon_check_box">check_box</string>
  <string name="content_icon_copyright">copyright</string>
  <string name="content_icon_cloud_off">cloud_off</string>
  <string name="content_icon_call_made">call_made</string>
  <string name="content_icon_contacts">contacts</string>
  <string name="content_icon_colorize">colorize</string>
  <string name="content_icon_crop_seven_five">crop_seven_five</string>
  <string name="content_icon_crop_five_four">crop_five_four</string>
  <string name="content_icon_crop_three_two">crop_three_two</string>
  <string name="content_icon_crop_din">crop_din</string>
  <string name="content_icon_computer">computer</string>
  <string name="content_icon_call_end">call_end</string>
  <string name="content_icon_compare">compare</string>
  <string name="content_icon_comment">comment</string>
  <string name="content_icon_cancel">cancel</string>
  <string name="content_icon_casino">casino</string>
  <string name="content_icon_create">create</string>
  <string name="content_icon_aperture">aperture</string>
  <string name="content_icon_cached">cached</string>
  <string name="content_icon_cloud">cloud</string>
  <string name="content_icon_clear">clear</string>
  <string name="content_icon_class">class</string>
  <string name="content_icon_check">check</string>
  <string name="content_icon_close">close</string>
  <string name="content_icon_crop">crop</string>
  <string name="content_icon_chat">chat</string>
  <string name="content_icon_code">code</string>
  <string name="content_icon_call">call</string>
  <string name="content_icon_cake">cake</string>
  <string name="content_icon_cast">cast</string>
  <string name="content_icon_do_not_disturb_off">do_not_disturb_off</string>
  <string name="content_icon_do_not_disturb_alt">do_not_disturb_alt</string>
  <string name="content_icon_directions_transit">directions_transit</string>
  <string name="content_icon_directions_railway">directions_railway</string>
  <string name="content_icon_directions_subway">directions_subway</string>
  <string name="content_icon_do_not_disturb_on">do_not_disturb_on</string>
  <string name="content_icon_dnd_forwardslash">dnd_forwardslash</string>
  <string name="content_icon_directions_train">directions_train</string>
  <string name="content_icon_directions_ferry">directions_ferry</string>
  <string name="content_icon_directions_boat">directions_boat</string>
  <string name="content_icon_directions_walk">directions_walk</string>
  <string name="content_icon_directions_bike">directions_bike</string>
  <string name="content_icon_developer_board">developer_board</string>
  <string name="content_icon_desktop_windows">desktop_windows</string>
  <string name="content_icon_directions_run">directions_run</string>
  <string name="content_icon_directions_car">directions_car</string>
  <string name="content_icon_developer_mode">developer_mode</string>
  <string name="content_icon_directions_bus">directions_bus</string>
  <string name="content_icon_do_not_disturb">do_not_disturb</string>
  <string name="content_icon_delete_forever">delete_forever</string>
  <string name="content_icon_devices_other">devices_other</string>
  <string name="content_icon_delete_sweep">delete_sweep</string>
  <string name="content_icon_donut_small">donut_small</string>
  <string name="content_icon_desktop_mac">desktop_mac</string>
  <string name="content_icon_description">description</string>
  <string name="content_icon_donut_large">donut_large</string>
  <string name="content_icon_drag_handle">drag_handle</string>
  <string name="content_icon_directions">directions</string>
  <string name="content_icon_device_hub">device_hub</string>
  <string name="content_icon_dialer_sip">dialer_sip</string>
  <string name="content_icon_date_range">date_range</string>
  <string name="content_icon_data_usage">data_usage</string>
  <string name="content_icon_drive_eta">drive_eta</string>
  <string name="content_icon_disc_full">disc_full</string>
  <string name="content_icon_dashboard">dashboard</string>
  <string name="content_icon_done_all">done_all</string>
  <string name="content_icon_details">details</string>
  <string name="content_icon_devices">devices</string>
  <string name="content_icon_dialpad">dialpad</string>
  <string name="content_icon_dehaze">dehaze</string>
  <string name="content_icon_domain">domain</string>
  <string name="content_icon_drafts">drafts</string>
  <string name="content_icon_delete">delete</string>
  <string name="content_icon_done">done</string>
  <string name="content_icon_dock">dock</string>
  <string name="content_icon_dns">dns</string>
  <string name="content_icon_dvr">dvr</string>
  <string name="content_icon_enhance_photo_translate">enhance_photo_translate</string>
  <string name="content_icon_enhanced_encryption">enhanced_encryption</string>
  <string name="content_icon_exposure_minus_two">exposure_minus_two</string>
  <string name="content_icon_exposure_minus_one">exposure_minus_one</string>
  <string name="content_icon_event_available">event_available</string>
  <string name="content_icon_exposure_plus_two">exposure_plus_two</string>
  <string name="content_icon_exposure_plus_one">exposure_plus_one</string>
  <string name="content_icon_exposure_neg_two">exposure_neg_two</string>
  <string name="content_icon_exposure_neg_one">exposure_neg_one</string>
  <string name="content_icon_exposure_zero">exposure_zero</string>
  <string name="content_icon_edit_location">edit_location</string>
  <string name="content_icon_error_outline">error_outline</string>
  <string name="content_icon_expand_less">expand_less</string>
  <string name="content_icon_exit_to_app">exit_to_app</string>
  <string name="content_icon_expand_more">expand_more</string>
  <string name="content_icon_euro_symbol">euro_symbol</string>
  <string name="content_icon_event_busy">event_busy</string>
  <string name="content_icon_event_seat">event_seat</string>
  <string name="content_icon_ev_station">ev_station</string>
  <string name="content_icon_event_note">event_note</string>
  <string name="content_icon_equalizer">equalizer</string>
  <string name="content_icon_extension">extension</string>
  <string name="content_icon_exposure">exposure</string>
  <string name="content_icon_explicit">explicit</string>
  <string name="content_icon_explore">explore</string>
  <string name="content_icon_email_fill">email_fill</string>
  <string name="content_icon_eject">eject</string>
  <string name="content_icon_event">event</string>
  <string name="content_icon_error">error</string>
  <string name="content_icon_edit">edit</string>
  <string name="content_icon_format_textdirection_r_to_l">format_textdirection_r_to_l</string>
  <string name="content_icon_format_textdirection_l_to_r">format_textdirection_l_to_r</string>
  <string name="content_icon_format_indent_increase">format_indent_increase</string>
  <string name="content_icon_format_indent_decrease">format_indent_decrease</string>
  <string name="content_icon_format_list_bulleted">format_list_bulleted</string>
  <string name="content_icon_format_strikethrough">format_strikethrough</string>
  <string name="content_icon_format_list_numbered">format_list_numbered</string>
  <string name="content_icon_format_align_justify">format_align_justify</string>
  <string name="content_icon_format_line_spacing">format_line_spacing</string>
  <string name="content_icon_format_align_center">format_align_center</string>
  <string name="content_icon_filter_center_focus">filter_center_focus</string>
  <string name="content_icon_fiber_manual_record">fiber_manual_record</string>
  <string name="content_icon_format_color_reset">format_color_reset</string>
  <string name="content_icon_fiber_smart_record">fiber_smart_record</string>
  <string name="content_icon_format_align_right">format_align_right</string>
  <string name="content_icon_featured_play_list">featured_play_list</string>
  <string name="content_icon_filter_tilt_shift">filter_tilt_shift</string>
  <string name="content_icon_format_color_text">format_color_text</string>
  <string name="content_icon_format_align_left">format_align_left</string>
  <string name="content_icon_format_underlined">format_underlined</string>
  <string name="content_icon_format_color_fill">format_color_fill</string>
  <string name="content_icon_format_underline">format_underline</string>
  <string name="content_icon_favorite_outline">favorite_outline</string>
  <string name="content_icon_favorite_border">favorite_border</string>
  <string name="content_icon_fullscreen_exit">fullscreen_exit</string>
  <string name="content_icon_filter_b_and_w">filter_b_and_w</string>
  <string name="content_icon_flight_takeoff">flight_takeoff</string>
  <string name="content_icon_fitness_center">fitness_center</string>
  <string name="content_icon_featured_video">featured_video</string>
  <string name="content_icon_filter_vintage">filter_vintage</string>
  <string name="content_icon_free_breakfast">free_breakfast</string>
  <string name="content_icon_folder_special">folder_special</string>
  <string name="content_icon_filter_nine_plus">filter_nine_plus</string>
  <string name="content_icon_file_download">file_download</string>
  <string name="content_icon_font_download">font_download</string>
  <string name="content_icon_format_italic">format_italic</string>
  <string name="content_icon_folder_shared">folder_shared</string>
  <string name="content_icon_filter_frames">filter_frames</string>
  <string name="content_icon_flip_to_front">flip_to_front</string>
  <string name="content_icon_format_shapes">format_shapes</string>
  <string name="content_icon_format_quote">format_quote</string>
  <string name="content_icon_flip_to_back">flip_to_back</string>
  <string name="content_icon_format_clear">format_clear</string>
  <string name="content_icon_filter_drama">filter_drama</string>
  <string name="content_icon_format_paint">format_paint</string>
  <string name="content_icon_find_replace">find_replace</string>
  <string name="content_icon_find_in_page">find_in_page</string>
  <string name="content_icon_fast_forward">fast_forward</string>
  <string name="content_icon_filter_none">filter_none</string>
  <string name="content_icon_filter_list">filter_list</string>
  <string name="content_icon_fingerprint">fingerprint</string>
  <string name="content_icon_format_size">format_size</string>
  <string name="content_icon_folder_open">folder_open</string>
  <string name="content_icon_flight_land">flight_land</string>
  <string name="content_icon_format_bold">format_bold</string>
  <string name="content_icon_fast_rewind">fast_rewind</string>
  <string name="content_icon_file_upload">file_upload</string>
  <string name="content_icon_fullscreen">fullscreen</string>
  <string name="content_icon_forward_threezero">forward_threezero</string>
  <string name="content_icon_filter_hdr">filter_hdr</string>
  <string name="content_icon_flash_auto">flash_auto</string>
  <string name="content_icon_forward_onezero">forward_onezero</string>
  <string name="content_icon_first_page">first_page</string>
  <string name="content_icon_flash_off">flash_off</string>
  <string name="content_icon_functions">functions</string>
  <string name="content_icon_fiber_pin">fiber_pin</string>
  <string name="content_icon_fiber_new">fiber_new</string>
  <string name="content_icon_forward_five">forward_five</string>
  <string name="content_icon_fiber_dvr">fiber_dvr</string>
  <string name="content_icon_filter_seven">filter_seven</string>
  <string name="content_icon_filter_six">filter_six</string>
  <string name="content_icon_filter_five">filter_five</string>
  <string name="content_icon_filter_four">filter_four</string>
  <string name="content_icon_feedback">feedback</string>
  <string name="content_icon_filter_three">filter_three</string>
  <string name="content_icon_filter_two">filter_two</string>
  <string name="content_icon_filter_one">filter_one</string>
  <string name="content_icon_flash_on">flash_on</string>
  <string name="content_icon_favorite">favorite</string>
  <string name="content_icon_filter_nine">filter_nine</string>
  <string name="content_icon_filter_eight">filter_eight</string>
  <string name="content_icon_forward">forward</string>
  <string name="content_icon_flight">flight</string>
  <string name="content_icon_folder">folder</string>
  <string name="content_icon_camera_filter">camera_filter</string>
  <string name="content_icon_forum">forum</string>
  <string name="content_icon_flare">flare</string>
  <string name="content_icon_flip">flip</string>
  <string name="content_icon_flag">flag</string>
  <string name="content_icon_face">face</string>
  <string name="content_icon_gps_not_fixed">gps_not_fixed</string>
  <string name="content_icon_golf_course">golf_course</string>
  <string name="content_icon_g_translate">g_translate</string>
  <string name="content_icon_graphic_eq">graphic_eq</string>
  <string name="content_icon_group_work">group_work</string>
  <string name="content_icon_group_add">group_add</string>
  <string name="content_icon_gps_fixed">gps_fixed</string>
  <string name="content_icon_grid_off">grid_off</string>
  <string name="content_icon_gradient">gradient</string>
  <string name="content_icon_grid_on">grid_on</string>
  <string name="content_icon_get_app">get_app</string>
  <string name="content_icon_gesture">gesture</string>
  <string name="content_icon_gamepad">gamepad</string>
  <string name="content_icon_gps_off">gps_off</string>
  <string name="content_icon_grade">grade</string>
  <string name="content_icon_gavel">gavel</string>
  <string name="content_icon_games">games</string>
  <string name="content_icon_grain">grain</string>
  <string name="content_icon_group">group</string>
  <string name="content_icon_gif">gif</string>
  <string name="content_icon_highlight_remove">highlight_remove</string>
  <string name="content_icon_hourglass_empty">hourglass_empty</string>
  <string name="content_icon_hourglass_full">hourglass_full</string>
  <string name="content_icon_highlight_off">highlight_off</string>
  <string name="content_icon_high_quality">high_quality</string>
  <string name="content_icon_help_outline">help_outline</string>
  <string name="content_icon_headset_mic">headset_mic</string>
  <string name="content_icon_hdr_strong">hdr_strong</string>
  <string name="content_icon_highlight">highlight</string>
  <string name="content_icon_hdr_weak">hdr_weak</string>
  <string name="content_icon_healing">healing</string>
  <string name="content_icon_history">history</string>
  <string name="content_icon_headset">headset</string>
  <string name="content_icon_hot_tub">hot_tub</string>
  <string name="content_icon_hearing">hearing</string>
  <string name="content_icon_hdr_off">hdr_off</string>
  <string name="content_icon_hdr_on">hdr_on</string>
  <string name="content_icon_hotel">hotel</string>
  <string name="content_icon_https">https</string>
  <string name="content_icon_help">help</string>
  <string name="content_icon_http">http</string>
  <string name="content_icon_home">home</string>
  <string name="content_icon_hd">hd</string>
  <string name="content_icon_indeterminate_check_box">indeterminate_check_box</string>
  <string name="content_icon_image_aspect_ratio">image_aspect_ratio</string>
  <string name="content_icon_insert_drive_file">insert_drive_file</string>
  <string name="content_icon_invert_colors_off">invert_colors_off</string>
  <string name="content_icon_important_devices">important_devices</string>
  <string name="content_icon_insert_invitation">insert_invitation</string>
  <string name="content_icon_invert_colors_on">invert_colors_on</string>
  <string name="content_icon_import_contacts">import_contacts</string>
  <string name="content_icon_insert_emoticon">insert_emoticon</string>
  <string name="content_icon_insert_comment">insert_comment</string>
  <string name="content_icon_invert_colors">invert_colors</string>
  <string name="content_icon_import_export">import_export</string>
  <string name="content_icon_info_outline">info_outline</string>
  <string name="content_icon_insert_photo">insert_photo</string>
  <string name="content_icon_insert_chart">insert_chart</string>
  <string name="content_icon_insert_link">insert_link</string>
  <string name="content_icon_input">input</string>
  <string name="content_icon_inbox">inbox</string>
  <string name="content_icon_image">image</string>
  <string name="content_icon_iso">iso</string>
  <string name="content_icon_keyboard_arrow_right">keyboard_arrow_right</string>
  <string name="content_icon_keyboard_arrow_left">keyboard_arrow_left</string>
  <string name="content_icon_keyboard_arrow_down">keyboard_arrow_down</string>
  <string name="content_icon_keyboard_backspace">keyboard_backspace</string>
  <string name="content_icon_keyboard_arrow_up">keyboard_arrow_up</string>
  <string name="content_icon_keyboard_capslock">keyboard_capslock</string>
  <string name="content_icon_keyboard_control">keyboard_control</string>
  <string name="content_icon_keyboard_return">keyboard_return</string>
  <string name="content_icon_keyboard_voice">keyboard_voice</string>
  <string name="content_icon_keyboard_hide">keyboard_hide</string>
  <string name="content_icon_keyboard_tab">keyboard_tab</string>
  <string name="content_icon_keyboard">keyboard</string>
  <string name="content_icon_kitchen">kitchen</string>
  <string name="content_icon_local_convenience_store">local_convenience_store</string>
  <string name="content_icon_local_laundry_service">local_laundry_service</string>
  <string name="content_icon_local_grocery_store">local_grocery_store</string>
  <string name="content_icon_location_searching">location_searching</string>
  <string name="content_icon_local_post_office">local_post_office</string>
  <string name="content_icon_local_gas_station">local_gas_station</string>
  <string name="content_icon_location_disabled">location_disabled</string>
  <string name="content_icon_lightbulb_outline">lightbulb_outline</string>
  <string name="content_icon_laptop_chromebook">laptop_chromebook</string>
  <string name="content_icon_location_history">location_history</string>
  <string name="content_icon_local_attraction">local_attraction</string>
  <string name="content_icon_local_print_shop">local_print_shop</string>
  <string name="content_icon_local_restaurant">local_restaurant</string>
  <string name="content_icon_local_printshop">local_printshop</string>
  <string name="content_icon_local_car_wash">local_car_wash</string>
  <string name="content_icon_local_activity">local_activity</string>
  <string name="content_icon_local_shipping">local_shipping</string>
  <string name="content_icon_local_hospital">local_hospital</string>
  <string name="content_icon_laptop_windows">laptop_windows</string>
  <string name="content_icon_local_pharmacy">local_pharmacy</string>
  <string name="content_icon_local_florist">local_florist</string>
  <string name="content_icon_local_parking">local_parking</string>
  <string name="content_icon_linked_camera">linked_camera</string>
  <string name="content_icon_local_library">local_library</string>
  <string name="content_icon_library_music">library_music</string>
  <string name="content_icon_library_books">library_books</string>
  <string name="content_icon_location_city">location_city</string>
  <string name="content_icon_local_airport">local_airport</string>
  <string name="content_icon_label_outline">label_outline</string>
  <string name="content_icon_location_off">location_off</string>
  <string name="content_icon_lock_outline">lock_outline</string>
  <string name="content_icon_local_dining">local_dining</string>
  <string name="content_icon_layers_clear">layers_clear</string>
  <string name="content_icon_low_priority">low_priority</string>
  <string name="content_icon_local_movies">local_movies</string>
  <string name="content_icon_linear_scale">linear_scale</string>
  <string name="content_icon_location_on">location_on</string>
  <string name="content_icon_local_pizza">local_pizza</string>
  <string name="content_icon_local_drink">local_drink</string>
  <string name="content_icon_library_add">library_add</string>
  <string name="content_icon_leak_remove">leak_remove</string>
  <string name="content_icon_local_hotel">local_hotel</string>
  <string name="content_icon_local_offer">local_offer</string>
  <string name="content_icon_local_phone">local_phone</string>
  <string name="content_icon_line_weight">line_weight</string>
  <string name="content_icon_line_style">line_style</string>
  <string name="content_icon_local_mall">local_mall</string>
  <string name="content_icon_local_cafe">local_cafe</string>
  <string name="content_icon_laptop_mac">laptop_mac</string>
  <string name="content_icon_local_taxi">local_taxi</string>
  <string name="content_icon_local_play">local_play</string>
  <string name="content_icon_local_see">local_see</string>
  <string name="content_icon_local_bar">local_bar</string>
  <string name="content_icon_local_atm">local_atm</string>
  <string name="content_icon_last_page">last_page</string>
  <string name="content_icon_looks_two">looks_two</string>
  <string name="content_icon_lock_open">lock_open</string>
  <string name="content_icon_looks_one">looks_one</string>
  <string name="content_icon_landscape">landscape</string>
  <string name="content_icon_live_help">live_help</string>
  <string name="content_icon_leak_add">leak_add</string>
  <string name="content_icon_language">language</string>
  <string name="content_icon_loyalty">loyalty</string>
  <string name="content_icon_looks_six">looks_six</string>
  <string name="content_icon_looks_five">looks_five</string>
  <string name="content_icon_looks_four">looks_four</string>
  <string name="content_icon_live_tv">live_tv</string>
  <string name="content_icon_looks_three">looks_three</string>
  <string name="content_icon_layers">layers</string>
  <string name="content_icon_launch">launch</string>
  <string name="content_icon_laptop">laptop</string>
  <string name="content_icon_loupe">loupe</string>
  <string name="content_icon_looks">looks</string>
  <string name="content_icon_label">label</string>
  <string name="content_icon_lens">lens</string>
  <string name="content_icon_link">link</string>
  <string name="content_icon_loop">loop</string>
  <string name="content_icon_lock">lock</string>
  <string name="content_icon_markunread_mailbox">markunread_mailbox</string>
  <string name="content_icon_monochrome_photos">monochrome_photos</string>
  <string name="content_icon_messenger_outline">messenger_outline</string>
  <string name="content_icon_my_library_books">my_library_books</string>
  <string name="content_icon_multitrack_audio">multitrack_audio</string>
  <string name="content_icon_my_library_music">my_library_music</string>
  <string name="content_icon_monetization_on">monetization_on</string>
  <string name="content_icon_multiline_chart">multiline_chart</string>
  <string name="content_icon_movie_creation">movie_creation</string>
  <string name="content_icon_my_library_add">my_library_add</string>
  <string name="content_icon_move_to_inbox">move_to_inbox</string>
  <string name="content_icon_mail_outline">mail_outline</string>
  <string name="content_icon_mode_comment">mode_comment</string>
  <string name="content_icon_movie_filter">movie_filter</string>
  <string name="content_icon_my_location">my_location</string>
  <string name="content_icon_music_video">music_video</string>
  <string name="content_icon_more_horiz">more_horiz</string>
  <string name="content_icon_merge_type">merge_type</string>
  <string name="content_icon_music_note">music_note</string>
  <string name="content_icon_markunread">markunread</string>
  <string name="content_icon_motorcycle">motorcycle</string>
  <string name="content_icon_more_vert">more_vert</string>
  <string name="content_icon_mode_edit">mode_edit</string>
  <string name="content_icon_money_off">money_off</string>
  <string name="content_icon_messenger">messenger</string>
  <string name="content_icon_mood_bad">mood_bad</string>
  <string name="content_icon_mic_none">mic_none</string>
  <string name="content_icon_mic_off">mic_off</string>
  <string name="content_icon_message">message</string>
  <string name="content_icon_memory">memory</string>
  <string name="content_icon_mouse">mouse</string>
  <string name="content_icon_movie">movie</string>
  <string name="content_icon_mood">mood</string>
  <string name="content_icon_mail">mail</string>
  <string name="content_icon_more">more</string>
  <string name="content_icon_menu">menu</string>
  <string name="content_icon_map">map</string>
  <string name="content_icon_mms">mms</string>
  <string name="content_icon_mic">mic</string>
  <string name="content_icon_notifications_paused">notifications_paused</string>
  <string name="content_icon_notifications_active">notifications_active</string>
  <string name="content_icon_notifications_none">notifications_none</string>
  <string name="content_icon_notifications_off">notifications_off</string>
  <string name="content_icon_notifications_on">notifications_on</string>
  <string name="content_icon_navigate_before">navigate_before</string>
  <string name="content_icon_network_locked">network_locked</string>
  <string name="content_icon_not_interested">not_interested</string>
  <string name="content_icon_no_encryption">no_encryption</string>
  <string name="content_icon_notifications">notifications</string>
  <string name="content_icon_network_check">network_check</string>
  <string name="content_icon_navigate_next">navigate_next</string>
  <string name="content_icon_now_wallpaper">now_wallpaper</string>
  <string name="content_icon_nature_people">nature_people</string>
  <string name="content_icon_new_releases">new_releases</string>
  <string name="content_icon_network_wifi">network_wifi</string>
  <string name="content_icon_network_cell">network_cell</string>
  <string name="content_icon_now_widgets">now_widgets</string>
  <string name="content_icon_navigation">navigation</string>
  <string name="content_icon_next_week">next_week</string>
  <string name="content_icon_note_add">note_add</string>
  <string name="content_icon_near_me">near_me</string>
  <string name="content_icon_no_sim">no_sim</string>
  <string name="content_icon_nature">nature</string>
  <string name="content_icon_note">note</string>
  <string name="content_icon_nfc">nfc</string>
  <string name="content_icon_open_in_browser">open_in_browser</string>
  <string name="content_icon_ondemand_video">ondemand_video</string>
  <string name="content_icon_open_in_new">open_in_new</string>
  <string name="content_icon_offline_pin">offline_pin</string>
  <string name="content_icon_open_with">open_with</string>
  <string name="content_icon_opacity">opacity</string>
  <string name="content_icon_photo_size_select_actual">photo_size_select_actual</string>
  <string name="content_icon_photo_size_select_large">photo_size_select_large</string>
  <string name="content_icon_photo_size_select_small">photo_size_select_small</string>
  <string name="content_icon_phone_bluetooth_speaker">phone_bluetooth_speaker</string>
  <string name="content_icon_perm_device_information">perm_device_information</string>
  <string name="content_icon_picture_in_picture_alt">picture_in_picture_alt</string>
  <string name="content_icon_perm_contact_calendar">perm_contact_calendar</string>
  <string name="content_icon_pause_circle_outline">pause_circle_outline</string>
  <string name="content_icon_play_circle_outline">play_circle_outline</string>
  <string name="content_icon_pause_circle_filled">pause_circle_filled</string>
  <string name="content_icon_panorama_wide_angle">panorama_wide_angle</string>
  <string name="content_icon_panorama_horizontal">panorama_horizontal</string>
  <string name="content_icon_power_settings_new">power_settings_new</string>
  <string name="content_icon_play_circle_filled">play_circle_filled</string>
  <string name="content_icon_pie_chart_outlined">pie_chart_outlined</string>
  <string name="content_icon_playlist_add_check">playlist_add_check</string>
  <string name="content_icon_picture_in_picture">picture_in_picture</string>
  <string name="content_icon_perm_data_setting">perm_data_setting</string>
  <string name="content_icon_person_pin_circle">person_pin_circle</string>
  <string name="content_icon_panorama_vertical">panorama_vertical</string>
  <string name="content_icon_portable_wifi_off">portable_wifi_off</string>
  <string name="content_icon_panorama_fish_eye">panorama_fish_eye</string>
  <string name="content_icon_play_circle_fill">play_circle_fill</string>
  <string name="content_icon_perm_device_info">perm_device_info</string>
  <string name="content_icon_perm_contact_cal">perm_contact_cal</string>
  <string name="content_icon_panorama_fisheye">panorama_fisheye</string>
  <string name="content_icon_perm_camera_mic">perm_camera_mic</string>
  <string name="content_icon_phonelink_erase">phonelink_erase</string>
  <string name="content_icon_phone_forwarded">phone_forwarded</string>
  <string name="content_icon_phonelink_setup">phonelink_setup</string>
  <string name="content_icon_personal_video">personal_video</string>
  <string name="content_icon_phonelink_ring">phonelink_ring</string>
  <string name="content_icon_people_outline">people_outline</string>
  <string name="content_icon_person_outline">person_outline</string>
  <string name="content_icon_perm_scan_wifi">perm_scan_wifi</string>
  <string name="content_icon_perm_phone_msg">perm_phone_msg</string>
  <string name="content_icon_phonelink_lock">phonelink_lock</string>
  <string name="content_icon_present_to_all">present_to_all</string>
  <string name="content_icon_picture_as_pdf">picture_as_pdf</string>
  <string name="content_icon_pregnant_woman">pregnant_woman</string>
  <string name="content_icon_priority_high">priority_high</string>
  <string name="content_icon_perm_identity">perm_identity</string>
  <string name="content_icon_play_for_work">play_for_work</string>
  <string name="content_icon_phone_android">phone_android</string>
  <string name="content_icon_phonelink_off">phonelink_off</string>
  <string name="content_icon_playlist_play">playlist_play</string>
  <string name="content_icon_photo_library">photo_library</string>
  <string name="content_icon_phone_in_talk">phone_in_talk</string>
  <string name="content_icon_phone_paused">phone_paused</string>
  <string name="content_icon_phone_missed">phone_missed</string>
  <string name="content_icon_phone_locked">phone_locked</string>
  <string name="content_icon_phone_iphone">phone_iphone</string>
  <string name="content_icon_photo_camera">photo_camera</string>
  <string name="content_icon_playlist_add">playlist_add</string>
  <string name="content_icon_photo_filter">photo_filter</string>
  <string name="content_icon_photo_album">photo_album</string>
  <string name="content_icon_power_input">power_input</string>
  <string name="content_icon_play_arrow">play_arrow</string>
  <string name="content_icon_perm_media">perm_media</string>
  <string name="content_icon_person_add">person_add</string>
  <string name="content_icon_person_pin">person_pin</string>
  <string name="content_icon_party_mode">party_mode</string>
  <string name="content_icon_pie_chart">pie_chart</string>
  <string name="content_icon_phonelink">phonelink</string>
  <string name="content_icon_pin_drop">pin_drop</string>
  <string name="content_icon_portrait">portrait</string>
  <string name="content_icon_plus_one">plus_one</string>
  <string name="content_icon_panorama">panorama</string>
  <string name="content_icon_pan_tool">pan_tool</string>
  <string name="content_icon_pageview">pageview</string>
  <string name="content_icon_payment">payment</string>
  <string name="content_icon_publish">publish</string>
  <string name="content_icon_palette">palette</string>
  <string name="content_icon_polymer">polymer</string>
  <string name="content_icon_public">public</string>
  <string name="content_icon_people">people</string>
  <string name="content_icon_person">person</string>
  <string name="content_icon_print">print</string>
  <string name="content_icon_pause">pause</string>
  <string name="content_icon_photo">photo</string>
  <string name="content_icon_power">power</string>
  <string name="content_icon_place">place</string>
  <string name="content_icon_phone">phone</string>
  <string name="content_icon_pages">pages</string>
  <string name="content_icon_poll">poll</string>
  <string name="content_icon_pool">pool</string>
  <string name="content_icon_pets">pets</string>
  <string name="content_icon_quick_contacts_dialer">quick_contacts_dialer</string>
  <string name="content_icon_quick_contacts_mail">quick_contacts_mail</string>
  <string name="content_icon_queue_play_next">queue_play_next</string>
  <string name="content_icon_question_answer">question_answer</string>
  <string name="content_icon_query_builder">query_builder</string>
  <string name="content_icon_queue_music">queue_music</string>
  <string name="content_icon_queue">queue</string>
  <string name="content_icon_radio_button_unchecked">radio_button_unchecked</string>
  <string name="content_icon_remove_circle_outline">remove_circle_outline</string>
  <string name="content_icon_rotate_ninezero_degrees_ccw">rotate_ninezero_degrees_ccw</string>
  <string name="content_icon_remove_shopping_cart">remove_shopping_cart</string>
  <string name="content_icon_radio_button_checked">radio_button_checked</string>
  <string name="content_icon_remove_from_queue">remove_from_queue</string>
  <string name="content_icon_record_voice_over">record_voice_over</string>
  <string name="content_icon_radio_button_off">radio_button_off</string>
  <string name="content_icon_restaurant_menu">restaurant_menu</string>
  <string name="content_icon_radio_button_on">radio_button_on</string>
  <string name="content_icon_rounded_corner">rounded_corner</string>
  <string name="content_icon_remove_red_eye">remove_red_eye</string>
  <string name="content_icon_report_problem">report_problem</string>
  <string name="content_icon_remove_circle">remove_circle</string>
  <string name="content_icon_recent_actors">recent_actors</string>
  <string name="content_icon_room_service">room_service</string>
  <string name="content_icon_restore_page">restore_page</string>
  <string name="content_icon_rotate_right">rotate_right</string>
  <string name="content_icon_ring_volume">ring_volume</string>
  <string name="content_icon_rate_review">rate_review</string>
  <string name="content_icon_rotate_left">rotate_left</string>
  <string name="content_icon_restaurant">restaurant</string>
  <string name="content_icon_repeat_one">repeat_one</string>
  <string name="content_icon_reply_all">reply_all</string>
  <string name="content_icon_replay_threezero">replay_threezero</string>
  <string name="content_icon_replay_onezero">replay_onezero</string>
  <string name="content_icon_rv_hookup">rv_hookup</string>
  <string name="content_icon_replay_five">replay_five</string>
  <string name="content_icon_rss_feed">rss_feed</string>
  <string name="content_icon_reorder">reorder</string>
  <string name="content_icon_restore">restore</string>
  <string name="content_icon_receipt">receipt</string>
  <string name="content_icon_refresh">refresh</string>
  <string name="content_icon_rowing">rowing</string>
  <string name="content_icon_repeat">repeat</string>
  <string name="content_icon_report">report</string>
  <string name="content_icon_remove">remove</string>
  <string name="content_icon_router">router</string>
  <string name="content_icon_redeem">redeem</string>
  <string name="content_icon_replay">replay</string>
  <string name="content_icon_radio">radio</string>
  <string name="content_icon_room">room</string>
  <string name="content_icon_redo">redo</string>
  <string name="content_icon_signal_cellular_connected_no_internet_four_bar">signal_cellular_connected_no_internet_four_bar</string>
  <string name="content_icon_sentiment_very_dissatisfied">sentiment_very_dissatisfied</string>
  <string name="content_icon_settings_system_daydream">settings_system_daydream</string>
  <string name="content_icon_settings_input_composite">settings_input_composite</string>
  <string name="content_icon_settings_input_component">settings_input_component</string>
  <string name="content_icon_sentiment_very_satisfied">sentiment_very_satisfied</string>
  <string name="content_icon_subdirectory_arrow_right">subdirectory_arrow_right</string>
  <string name="content_icon_subdirectory_arrow_left">subdirectory_arrow_left</string>
  <string name="content_icon_settings_backup_restore">settings_backup_restore</string>
  <string name="content_icon_signal_cellular_no_sim">signal_cellular_no_sim</string>
  <string name="content_icon_settings_input_antenna">settings_input_antenna</string>
  <string name="content_icon_stay_primary_landscape">stay_primary_landscape</string>
  <string name="content_icon_stay_current_landscape">stay_current_landscape</string>
  <string name="content_icon_signal_wifi_four_bar_lock">signal_wifi_four_bar_lock</string>
  <string name="content_icon_sentiment_dissatisfied">sentiment_dissatisfied</string>
  <string name="content_icon_settings_input_svideo">settings_input_svideo</string>
  <string name="content_icon_settings_applications">settings_applications</string>
  <string name="content_icon_stay_current_portrait">stay_current_portrait</string>
  <string name="content_icon_signal_cellular_four_bar">signal_cellular_four_bar</string>
  <string name="content_icon_stay_primary_portrait">stay_primary_portrait</string>
  <string name="content_icon_screen_lock_landscape">screen_lock_landscape</string>
  <string name="content_icon_signal_cellular_null">signal_cellular_null</string>
  <string name="content_icon_store_mall_directory">store_mall_directory</string>
  <string name="content_icon_screen_lock_rotation">screen_lock_rotation</string>
  <string name="content_icon_screen_lock_portrait">screen_lock_portrait</string>
  <string name="content_icon_swap_vertical_circle">swap_vertical_circle</string>
  <string name="content_icon_signal_cellular_off">signal_cellular_off</string>
  <string name="content_icon_settings_brightness">settings_brightness</string>
  <string name="content_icon_settings_input_hdmi">settings_input_hdmi</string>
  <string name="content_icon_sentiment_satisfied">sentiment_satisfied</string>
  <string name="content_icon_settings_bluetooth">settings_bluetooth</string>
  <string name="content_icon_supervisor_account">supervisor_account</string>
  <string name="content_icon_signal_wifi_four_bar">signal_wifi_four_bar</string>
  <string name="content_icon_stop_screen_share">stop_screen_share</string>
  <string name="content_icon_settings_ethernet">settings_ethernet</string>
  <string name="content_icon_sentiment_neutral">sentiment_neutral</string>
  <string name="content_icon_settings_overscan">settings_overscan</string>
  <string name="content_icon_speaker_notes_off">speaker_notes_off</string>
  <string name="content_icon_slow_motion_video">slow_motion_video</string>
  <string name="content_icon_system_update_alt">system_update_alt</string>
  <string name="content_icon_settings_display">settings_display</string>
  <string name="content_icon_swap_vert_circle">swap_vert_circle</string>
  <string name="content_icon_system_update_tv">system_update_tv</string>
  <string name="content_icon_strikethrough_s">strikethrough_s</string>
  <string name="content_icon_screen_rotation">screen_rotation</string>
  <string name="content_icon_shopping_basket">shopping_basket</string>
  <string name="content_icon_signal_wifi_off">signal_wifi_off</string>
  <string name="content_icon_settings_remote">settings_remote</string>
  <string name="content_icon_sim_card_alert">sim_card_alert</string>
  <string name="content_icon_surround_sound">surround_sound</string>
  <string name="content_icon_settings_power">settings_power</string>
  <string name="content_icon_settings_phone">settings_phone</string>
  <string name="content_icon_settings_voice">settings_voice</string>
  <string name="content_icon_switch_camera">switch_camera</string>
  <string name="content_icon_speaker_notes">speaker_notes</string>
  <string name="content_icon_speaker_group">speaker_group</string>
  <string name="content_icon_sort_by_alpha">sort_by_alpha</string>
  <string name="content_icon_smoking_rooms">smoking_rooms</string>
  <string name="content_icon_system_update">system_update</string>
  <string name="content_icon_shopping_cart">shopping_cart</string>
  <string name="content_icon_skip_previous">skip_previous</string>
  <string name="content_icon_subscriptions">subscriptions</string>
  <string name="content_icon_settings_cell">settings_cell</string>
  <string name="content_icon_sync_disabled">sync_disabled</string>
  <string name="content_icon_speaker_phone">speaker_phone</string>
  <string name="content_icon_switch_video">switch_video</string>
  <string name="content_icon_sync_problem">sync_problem</string>
  <string name="content_icon_star_outline">star_outline</string>
  <string name="content_icon_screen_share">screen_share</string>
  <string name="content_icon_star_border">star_border</string>
  <string name="content_icon_spellcheck">spellcheck</string>
  <string name="content_icon_sms_failed">sms_failed</string>
  <string name="content_icon_swap_horiz">swap_horiz</string>
  <string name="content_icon_smoke_free">smoke_free</string>
  <string name="content_icon_smartphone">smartphone</string>
  <string name="content_icon_select_all">select_all</string>
  <string name="content_icon_sd_storage">sd_storage</string>
  <string name="content_icon_swap_calls">swap_calls</string>
  <string name="content_icon_streetview">streetview</string>
  <string name="content_icon_straighten">straighten</string>
  <string name="content_icon_show_chart">show_chart</string>
  <string name="content_icon_short_text">short_text</string>
  <string name="content_icon_subtitles">subtitles</string>
  <string name="content_icon_slideshow">slideshow</string>
  <string name="content_icon_swap_vert">swap_vert</string>
  <string name="content_icon_skip_next">skip_next</string>
  <string name="content_icon_space_bar">space_bar</string>
  <string name="content_icon_satellite">satellite</string>
  <string name="content_icon_security">security</string>
  <string name="content_icon_sim_card">sim_card</string>
  <string name="content_icon_shop_two">shop_two</string>
  <string name="content_icon_schedule">schedule</string>
  <string name="content_icon_settings">settings</string>
  <string name="content_icon_subject">subject</string>
  <string name="content_icon_shuffle">shuffle</string>
  <string name="content_icon_sd_card">sd_card</string>
  <string name="content_icon_speaker">speaker</string>
  <string name="content_icon_scanner">scanner</string>
  <string name="content_icon_storage">storage</string>
  <string name="content_icon_school">school</string>
  <string name="content_icon_snooze">snooze</string>
  <string name="content_icon_subway">subway</string>
  <string name="content_icon_stars">stars</string>
  <string name="content_icon_share">share</string>
  <string name="content_icon_style">style</string>
  <string name="content_icon_store">store</string>
  <string name="content_icon_sort_alt_2">sort_alt2</string>
  <string name="content_icon_shop">shop</string>
  <string name="content_icon_send">send</string>
  <string name="content_icon_sync">sync</string>
  <string name="content_icon_save">save</string>
  <string name="content_icon_stop">stop</string>
  <string name="content_icon_sms">sms</string>
  <string name="content_icon_spa">spa</string>
  <string name="content_icon_transfer_within_a_station">transfer_within_a_station</string>
  <string name="content_icon_trending_neutral">trending_neutral</string>
  <string name="content_icon_thumbs_up_down">thumbs_up_down</string>
  <string name="content_icon_tablet_android">tablet_android</string>
  <string name="content_icon_tab_unselected">tab_unselected</string>
  <string name="content_icon_track_changes">track_changes</string>
  <string name="content_icon_time_to_leave">time_to_leave</string>
  <string name="content_icon_turned_in_not">turned_in_not</string>
  <string name="content_icon_trending_down">trending_down</string>
  <string name="content_icon_trending_flat">trending_flat</string>
  <string name="content_icon_tap_and_play">tap_and_play</string>
  <string name="content_icon_trending_up">trending_up</string>
  <string name="content_icon_text_format">text_format</string>
  <string name="content_icon_text_fields">text_fields</string>
  <string name="content_icon_thumb_down">thumb_down</string>
  <string name="content_icon_tablet_mac">tablet_mac</string>
  <string name="content_icon_touch_app">touch_app</string>
  <string name="content_icon_timer_off">timer_off</string>
  <string name="content_icon_timelapse">timelapse</string>
  <string name="content_icon_tag_faces">tag_faces</string>
  <string name="content_icon_transform">transform</string>
  <string name="content_icon_turned_in">turned_in</string>
  <string name="content_icon_translate">translate</string>
  <string name="content_icon_thumb_up">thumb_up</string>
  <string name="content_icon_tonality">tonality</string>
  <string name="content_icon_theaters">theaters</string>
  <string name="content_icon_timer_onezero">timer_onezero</string>
  <string name="content_icon_timeline">timeline</string>
  <string name="content_icon_texture">texture</string>
  <string name="content_icon_textsms">textsms</string>
  <string name="content_icon_traffic">traffic</string>
  <string name="content_icon_timer_three">timer_three</string>
  <string name="content_icon_terrain">terrain</string>
  <string name="content_icon_tablet">tablet</string>
  <string name="content_icon_title">title</string>
  <string name="content_icon_timer">timer</string>
  <string name="content_icon_train">train</string>
  <string name="content_icon_today">today</string>
  <string name="content_icon_toys">toys</string>
  <string name="content_icon_tram">tram</string>
  <string name="content_icon_tune">tune</string>
  <string name="content_icon_toll">toll</string>
  <string name="content_icon_toc">toc</string>
  <string name="content_icon_tab">tab</string>
  <string name="content_icon_tv">tv</string>
  <string name="content_icon_unfold_more">unfold_more</string>
  <string name="content_icon_unfold_less">unfold_less</string>
  <string name="content_icon_unarchive">unarchive</string>
  <string name="content_icon_update">update</string>
  <string name="content_icon_undo">undo</string>
  <string name="content_icon_usb">usb</string>
  <string name="content_icon_vertical_align_center">vertical_align_center</string>
  <string name="content_icon_vertical_align_bottom">vertical_align_bottom</string>
  <string name="content_icon_vertical_align_top">vertical_align_top</string>
  <string name="content_icon_video_collection">video_collection</string>
  <string name="content_icon_view_comfortable">view_comfortable</string>
  <string name="content_icon_videogame_asset">videogame_asset</string>
  <string name="content_icon_visibility_off">visibility_off</string>
  <string name="content_icon_view_headline">view_headline</string>
  <string name="content_icon_video_library">video_library</string>
  <string name="content_icon_view_carousel">view_carousel</string>
  <string name="content_icon_verified_user">verified_user</string>
  <string name="content_icon_view_compact">view_compact</string>
  <string name="content_icon_videocam_off">videocam_off</string>
  <string name="content_icon_view_stream">view_stream</string>
  <string name="content_icon_view_column">view_column</string>
  <string name="content_icon_video_label">video_label</string>
  <string name="content_icon_view_module">view_module</string>
  <string name="content_icon_view_agenda">view_agenda</string>
  <string name="content_icon_volume_down">volume_down</string>
  <string name="content_icon_volume_mute">volume_mute</string>
  <string name="content_icon_visibility">visibility</string>
  <string name="content_icon_view_array">view_array</string>
  <string name="content_icon_video_call">video_call</string>
  <string name="content_icon_voice_chat">voice_chat</string>
  <string name="content_icon_view_comfy">view_comfy</string>
  <string name="content_icon_view_quilt">view_quilt</string>
  <string name="content_icon_volume_off">volume_off</string>
  <string name="content_icon_vibration">vibration</string>
  <string name="content_icon_view_week">view_week</string>
  <string name="content_icon_view_list">view_list</string>
  <string name="content_icon_voicemail">voicemail</string>
  <string name="content_icon_volume_up">volume_up</string>
  <string name="content_icon_vignette">vignette</string>
  <string name="content_icon_view_day">view_day</string>
  <string name="content_icon_videocam">videocam</string>
  <string name="content_icon_vpn_lock">vpn_lock</string>
  <string name="content_icon_vpn_key">vpn_key</string>
  <string name="content_icon_wallet_membership">wallet_membership</string>
  <string name="content_icon_wb_incandescent">wb_incandescent</string>
  <string name="content_icon_wallet_giftcard">wallet_giftcard</string>
  <string name="content_icon_wifi_tethering">wifi_tethering</string>
  <string name="content_icon_wb_iridescent">wb_iridescent</string>
  <string name="content_icon_wallet_travel">wallet_travel</string>
  <string name="content_icon_watch_later">watch_later</string>
  <string name="content_icon_web_asset">web_asset</string>
  <string name="content_icon_wallpaper">wallpaper</string>
  <string name="content_icon_wrap_text">wrap_text</string>
  <string name="content_icon_wifi_lock">wifi_lock</string>
  <string name="content_icon_wb_cloudy">wb_cloudy</string>
  <string name="content_icon_whatshot">whatshot</string>
  <string name="content_icon_wb_sunny">wb_sunny</string>
  <string name="content_icon_widgets">widgets</string>
  <string name="content_icon_wb_auto">wb_auto</string>
  <string name="content_icon_weekend">weekend</string>
  <string name="content_icon_warning">warning</string>
  <string name="content_icon_watch">watch</string>
  <string name="content_icon_work">work</string>
  <string name="content_icon_wifi">wifi</string>
  <string name="content_icon_web">web</string>
  <string name="content_icon_wc">wc</string>
  <string name="content_icon_youtube_searched_for">youtube_searched_for</string>
  <string name="content_icon_zoom_out_map">zoom_out_map</string>
  <string name="content_icon_zoom_out">zoom_out</string>
  <string name="content_icon_zoom_in">zoom_in</string>
  
</resources>
